Unnamed: 0,review_id,buyer_id,review_text,title,rating,seller_product_flag,reject_reason
84,96084,AEL44KNEOUWZC4V6JJDVVTTLJ4KQ, ,both sets glue was dried up sending both back,1,S,empty_review_raw
3632,99604,AEDPW35EJ7K4EHXW4D56UAIVBL2Q, ,Absolutely gorgeous polish,5,S,empty_review_raw
4669,100626,AE3SRD3YFD2U32HGTOOJVU7LDRCA,,,4,S,empty_review_raw
5222,101174,AEGM43BPFVVH6O3KLYVW2QGE5WSQ, ,One Star,1,S,empty_review_raw
8519,104456,AEDUXOAN6F7GFN5OM4WFUFNXGQ7Q,,Great,5,S,empty_review_raw
9292,105225,AEMP4UHT4WC45YBOV5WQ6L6IWT3A, ,Great product!! It‚Äôs so light that I can‚Äôt feel that I am wearing sunscreen. Very recommended.,5,S,empty_review_raw
9293,105226,AEMP4UHT4WC45YBOV5WQ6L6IWT3A, ,Great product!! It‚Äôs so light that I can‚Äôt feel that I am wearing sunscreen. Very recommended.,5,S,empty_review_raw
10126,106063,AEDUTPWBF7ISCWAMEPDAZT4EH2AQ, ,Decent product,4,S,empty_review_raw
13636,109572,AEDJ3XF2USGF4P4IUVEAY3ZABCTQ, ,"perfecto! requires some clean up around the under side of finger, but perfect french tip every time!",5,S,empty_review_raw
18759,114708,AEFY7HFGW3FKZCYFISIGJVKJVJZQ, ,"Very dissapointed. Made incorrectly, will not sit correctly. Chain too short. Don't waste your $",1,S,empty_review_raw
18785,114734,AE2LTRHGQMYYNAVLOFMCETV5IJKQ,,Very gentle with the hair.,5,S,empty_review_raw
18942,114889,AE72KW3OTKZDGVHDN5VYMIUTLM5A, ,Came completely shattered and unusable!,1,S,empty_review_raw
21852,117789,AEA2ROGUXVVODF3EEDWRTJV4RZTA,,,5,S,empty_review_raw
21915,117851,AEH3BN67CFAIGP3A7QQS2RT2TL7Q, ,"It was open and cream was all over the packet, looks like it is an old expire",1,S,empty_review_raw
23843,119772,AELS4A6GMOQLKKLISNNBENT6ZLDA,,Five Stars,5,S,empty_review_raw
37443,133392,AEF4CF5ISGUIJEPTLOC2HOHD63KA, ,Great!,5,S,empty_review_raw
39732,135678,AEBWAOYHIK4JAP5PQGLLB363S5TQ, ,Great mirror for shaving,5,S,empty_review_raw
40262,136216,AEHNJ2AQYXUYIOL5SBI5IFPWVBVQ, ,Jar came opened,1,S,empty_review_raw
41612,137561,AELN7H3UQEMJ57NNGKD5QAJNZXWQ, ,I love it,5,S,empty_review_raw
41727,137679,AENXC2E75JAG2PYFIHEG5IUEUDKA, ,Nice light smell and soothing to the skin.,5,S,empty_review_raw
42669,138623,AENGGTJR3P5O3HQAL77LDG7S26UQ, ,Sharp and well built,5,S,empty_review_raw
42704,138656,AE74V42BNCT26MOTG7BNIQEBK4GA, ,Great nails,5,S,empty_review_raw
43308,139260,AEEE6MW6ZRSTRA4USJSIASJXYSHA, ,Love it love it perfect length üëå üòç,5,S,empty_review_raw
43499,139453,AE5GH4VM5Q5HNUL4EOAYRLNB7RVA, ,"Sizing is a bit small, had to size up for some nails",4,S,empty_review_raw
43501,139455,AE5GH4VM5Q5HNUL4EOAYRLNB7RVA, ,A bit stiff but still good,5,S,empty_review_raw
43505,139459,AE5GH4VM5Q5HNUL4EOAYRLNB7RVA, ,Easy to put on a nail,5,S,empty_review_raw
44710,140663,AEEZM3X3E4SW7VWJISBMGWEF7DPQ, ,Very gentle and moisturizing! Faint scent and lightweight !,5,S,empty_review_raw
45618,141569,AEDZS2BL32DGECYWNUGIT2SRIBAQ, ,It‚Äôs a great wig. Love it,5,S,empty_review_raw
47129,143084,AE4FCWJPVYPRXOIPE4KLQ2KQ5WBA, ,Big Fan. Will order again.,5,S,empty_review_raw
50920,146875,AENWUUNIMMPRPJNR3AP3USIJIVCQ,,Love it!üíûüëç,5,S,empty_review_raw
51551,147506,AEJ3U4LQ2Y2OARKFGOBBIGHOJIYQ, ,Muy f√°cil de usar y muy hermosa,5,S,empty_review_raw
52090,148044,AECOWPAR5OVGVIFN65JHFQJXJWGA, ,It‚Äôs too flexible,2,S,empty_review_raw
52505,148460,AEDQT7HTTKIFY35TELWDAJS5JRLA, ,This works well and no appreciable smell!,5,S,empty_review_raw
52579,148530,AEGFOIOC2OD6WWA2G3TJIMAOG3DA, ,Super cute!,5,S,empty_review_raw
53006,148965,AEEYEHFYLCDEJAJIKWFUYFJOC7SA, ,Amazing,5,S,empty_review_raw
53205,149162,AEEUYE6PVYSKSAZPFRJL7NPXFKUA, ,"Exactly what I need, with good quality",5,S,empty_review_raw
53288,149244,AEJLH53EU5RIGCZTPLJREX3NCK7A, ,The bottle came half empty!,1,S,empty_review_raw
55953,151900,AEFMWFCIUBJEYTISRHDAYOPF4H6A, ,The hair was soft but it was not human which is what I paid for,1,S,empty_review_raw
56119,152064,AEEOOY7FERIHQRSQKNEZFCMYOFRQ, ,Classic dark purple,5,S,empty_review_raw
56866,152809,AE2HUA2Y4BLF3Y5WQYL2Z4F477JA, ,Great value- really happy!,5,S,empty_review_raw
57313,153263,AEHSDMDKHBBRV2UTDQ3O7PI7T6MQ,,Love,5,S,empty_review_raw
57318,153268,AECYNIUTLMZR5UL6RGQUJ3MKUBBQ, ,So beautiful ü§©,5,S,empty_review_raw
58156,154104,AENSCW3PRMEV6UVLOCDRWRHP6DKA, ,This mascara is amazing! Will be buying again for sure!!,5,S,empty_review_raw
62447,158393,AEDXNM5ZXJZSWAQJTIWT2TDVZCNA, ,Cute,5,S,empty_review_raw
62998,158943,AEB5EZJ57OYDAOP3CYEUSTATLNFQ, ,The Blond was yellow powder,1,S,empty_review_raw
71176,167125,AEJ5VF54Y3UTIURZXIOLYE7HDHFA, ,Only received 3 of the items in the 5 piece set. Box was taped up and missing items.,1,S,empty_review_raw
73135,169092,AEGNWV4ZLA56NTAHPXROV3U6HRHQ, ,Everything fit great,5,S,empty_review_raw
73143,169099,AEH6LUQMSZ6PGBAU6FVMX5F6SKXA, ,Awesome hair.,4,S,empty_review_raw
73558,169511,AEO6KHAVFS2YNAF4HGY4NR76BLPQ, ,"the product was in poor condition, the jar was almost empty, the cream itself was dry",1,S,empty_review_raw
74079,170037,AE4DWRB3MQKDTTU5NLRPCWJK7JLQ, ,This wig is soft and has a great hair texture,5,S,empty_review_raw
74951,170920,AEMLVQBLNKFZCYIPDJTX7XKLQMRQ, ,Five Stars,5,S,empty_review_raw
75266,171235,AEGXDDSWKNUTVCA2JCWGAK3BTS2Q,,no good,1,S,empty_review_raw
75273,171242,AEA2SWH5NZCDIMJ3B3JQKRIITLVQ, ,Great product!,5,S,empty_review_raw
76877,172841,AEGBP2AHZPCF7BMOYWPZ72XPFDSA,,Exactly as it appears,5,S,empty_review_raw
77547,173514,AE7U43IRNGNLWWFBLQ4R2UDIPVRA, ,Very good buy for your money!,5,S,empty_review_raw
77869,173837,AENBAUK3K3WY6Y5BPSPM7JTSQ5TA, ,"I think this would be nicer if it wasn't so cheaply built, and so horribly done.",1,S,empty_review_raw
78690,174662,AENJO7UWDPKJHCZHM365VNPNIRSA,,One Star,1,S,empty_review_raw
79544,175511,AENBKWO24ZG6KWPPHYA55VJDU7BA, ,Great base for customization,5,S,empty_review_raw
81322,177288,AE33JTUIXI7JJ2UFHR62IPASI2KQ,,Five Stars,5,S,empty_review_raw
81323,177289,AE33JTUIXI7JJ2UFHR62IPASI2KQ,,Five Stars,5,S,empty_review_raw
82160,178130,AEKGXWB7Z5NVR72UHYTJHQVTKBSQ,,"Love the hair. Been in about a month now.  Sheds  some, but what blonde hair dont.",4,S,empty_review_raw
83623,179592,AE27KV3PMMIBUMY3BGBR5ZXK6PEQ, ,softÔºÅ,5,S,empty_review_raw
85515,181490,AEJZ4SPUSUK5NZGCQMFEXQ5U276A, ,Perfect for any face painting,5,S,empty_review_raw
85635,181608,AEAYPOEVMYX3PEFN3COG6AWEIB3A, ,The item says refillable but on the box when I got it it says non refillable‚Ä¶,3,S,empty_review_raw
86085,182061,AE5C6X35DCMENSONGOVWQKPT4TOQ,,,5,S,empty_review_raw
86221,182195,AEBYPB37GNV7Y4J43WRPDSB3XBZQ,,Too small for Kelly west microderma-- size not correct stated,1,S,empty_review_raw
87810,183789,AE4TKU6EQ7EI2BUXR26BY73GPPDA, ,Arrived in broken bottle and no perfume.  Can I get this replaced?,1,S,empty_review_raw
87864,183844,AE2H2SHJDLJZEAOYMNHSH62H6NUQ,,No comment,5,S,empty_review_raw
89255,185235,AE6MTSGHZRCE4ITN3KO7PXXGE3SA, ,"Pre stretched, no tangles.. and it last longer .. meaning no stiffness",5,S,empty_review_raw
89435,185412,AEL4WZJVERTYCC7ZCSBR73CUKGKQ, ,I love these! Curls too just like my regular hair!,5,S,empty_review_raw
91159,187141,AEI37S5YVI5TVZMB7EFB6U46VKYQ, ,Loved It!!,5,S,empty_review_raw
91399,187380,AEJ6RH3XWFMY4NHIHQW3IU7VQ5KQ, ,loves it,5,S,empty_review_raw
91440,187420,AEKPUCFZHTAQJETW33INRAL67WQQ, ,Love these! Thick and stay in place,5,S,empty_review_raw
91553,187528,AEDNOI62GREEABI2YELCQJTZSRGQ, ,Really enjoy Primo,5,S,empty_review_raw
91790,187773,AEBZ27NUBHTVKDLRC76F5G5AIXBA,,,5,S,empty_review_raw
91900,187882,AEBTYXHNRCNOSFFEY5LHDVQ4G5SQ, ,Great product,5,S,empty_review_raw
92193,188175,AE5ENPNYW52GGK4XTBZEVEK4HP6A, ,It gave what it was supposed to give,5,S,empty_review_raw
92194,188176,AE5ENPNYW52GGK4XTBZEVEK4HP6A, ,It gave what it was supposed to give,5,S,empty_review_raw
92444,188428,AE6D32GZ4PEBF5Y7P34R3IJI3U3Q, ,"Hand size, looks nice !",5,S,empty_review_raw
92657,188639,AEDLGOFODPAGZ7JGYURVZQ4R5RLQ, ,I love the smell it stay‚Äôs on for 24 hours!!!,5,S,empty_review_raw
92670,188652,AEHRWKPBNHOUL3BG36NG2XPOU4HA,,Five Stars,5,S,empty_review_raw
92680,188662,AE2JRPA76XTOYKQDK7JVZCONW7DA, ,cute,5,S,empty_review_raw
93318,189300,AECPJNZDZIIIRQBBW7YYEU4O7TXQ, ,"Love it, I brought one extra bundle from someone else to male  it thicker",5,S,empty_review_raw
93345,189462,AEMERKEXCYR7V3WK7Q7UNCDTSLZA, ,It was good for a week,5,S,empty_review_raw
94116,190101,AEDJQN2PYZ27IAOJWQ7GC4IZOLYQ, ,"Dried out, old polish",1,S,empty_review_raw
94342,190328,AE7VHZBSGM5ALLMNZV7F47XYBSOA, ,Great nails,5,S,empty_review_raw
95337,191326,AEA43M6PW534I4DJ7KS3HX3CEIMA, ,Love this wig!!,5,S,empty_review_raw
95416,191404,AE4JSIKFJRUBLFZNBZJPVPMHSF3A, ,Thought it was packaged better,2,S,empty_review_raw
96193,192178,AEE2SF27WBZY6ENPGQC2FO3JVMGQ, ,All were broken when pulled them out,1,S,empty_review_raw
96550,192532,AEN56JQZEYTEXDHFVHR5WZ2KYOUA, ,Great purchase loved it!,5,S,empty_review_raw
96551,192533,AEN56JQZEYTEXDHFVHR5WZ2KYOUA, ,Great purchase loved it!,5,S,empty_review_raw
96931,192916,AEISUBGFQ4G6QP27BHGSJKZLEVAA, ,Haven‚Äôt gotten it yet,4,S,empty_review_raw
97640,193623,AE5IVV6NBEF5UR6B6EUSRUT5MUEQ, ,"In 2pack pencil, one is completely not useable. It‚Äôs broken",3,S,empty_review_raw
97725,193709,AEFXILKVNAWVNFMYWGGR5Y6NCWCA, ,Great for natural and relaxed hair. Great new fragrance,5,S,empty_review_raw
98793,194772,AE3BZSLMZVPHDGTWJJ3XY6DSTSZQ, ,Directions are in Spanish. It should have English directions,1,S,empty_review_raw
100113,196098,AE53FOHQ4GA3FZULFDIDFASJA3VA, ,Love these clear tubes!,5,S,empty_review_raw
100141,196126,AE3WZ6FFIF3KF2MV2PFMKHPBA2QA, ,There is not 240 beads it's a rip off,1,S,empty_review_raw
100963,197078,AEJ37TKBS3DVEGKF6YJRMLS73UBQ,,"Little shorter than I expected, not for big diameter. But i still can use it in different creative way",5,S,empty_review_raw
101084,197072,AEKOSDRITKH55NYGCMHZKFFP6GSQ, ,Love this hair brought it for my daughter,5,S,empty_review_raw
102157,198150,AELQRLUD2H3IVKSWXT7IR7SXSR4A, ,"Soft material, love the versatility",4,S,empty_review_raw
102706,198696,AEGUMK4J2ALUTX33XSPAGEVFSOYA,,,3,S,empty_review_raw
102948,198937,AE6PMVKGT6I25PGSYEJP2AGTUJTA, ,"Took a min to get the hang of it, but I absolutely love them!!!",5,S,empty_review_raw
103162,199148,AE6QXEHMZEQYNB45OHVOJ2CKH2VQ, ,Container says 12 count & I only received 11. Still happy with product.,4,S,empty_review_raw
104161,200148,AEF6PN6PYW2RAJE6YBGX62D4FPPQ, ,"Fast shipping, Great scent.",4,S,empty_review_raw
104685,200672,AED5ZGNBOCV6Z4ZT6AK364HBFBMQ, ,This wig is absolutely EVERYTHING I needed it to be!!,5,S,empty_review_raw
104770,200758,AE6BIOPG2LFFKKOFJBTCUYRVLDTA, ,I love this brush. Very easy to clean. It's big. Soft handle and wide. 5 üåü,5,S,empty_review_raw
104804,200789,AEGCRZIZUQJBDG767QXCUZGTW4AA, ,I got same sticker 8 times‚Ä¶.lame,1,S,empty_review_raw
104890,200877,AEE57V5YDW7VRNKEZRKXVE5CSHXA,,Four Stars,4,S,empty_review_raw
104940,200926,AEGUMSXAFODCD6OFWLNOMPPCI4MA,,Five Stars,5,S,empty_review_raw
104990,200976,AEJPFVVU6VJPKHYMX7BZM3BIECDA, ,Love it,5,S,empty_review_raw
105068,201056,AEMXFLX5AEUJDS363XWZMK7ZPAWQ, ,This wig look so beautiful. Does not look cheap at all. Really love this wig.,5,S,empty_review_raw
105294,201282,AECLN7G5PHS4JFLV7SBH6EY52EKQ, ,Five Stars,5,S,empty_review_raw
105691,201678,AEDLNKHIXDTPZXXS3JVIHBDRVQFQ, ,I love it :D it's very beautiful and vibrant,5,S,empty_review_raw
105836,201824,AEBDLI7GN2VRXVR4P2FP74P4YVKQ, ,I fell in love with this eyeliner works amazing will definitely be purchasing again.,5,S,empty_review_raw
106925,202919,AE2K7BEBCBUX3RGM3GMQCMM5FEUQ, ,Me gusta,5,S,empty_review_raw
106980,202976,AE3D5JN2XSOZUTW7ZU2RXK2LZ6MA, ,It was great! I loved it received many compliments,5,S,empty_review_raw
107047,203041,AECEXAGPGNMXCXELE7WTTJBXR7FQ, ,It‚Äôs was thick for the most part,2,S,empty_review_raw
107303,203298,AE4ZSPKUEI4LFDVHTAHG4R2DRM2A,,Five Stars,5,S,empty_review_raw
107595,203589,AEDEUT5W4MIAJIG73ZYL2R45CGJQ,,They are awesome!!so comfortable and soft !!I'm ordering more colors!,5,S,empty_review_raw
107827,203822,AEDP5TM5IV5MCAW4WD5BUZSIJMYQ, ,"Said it was one inch but it‚Äôs not, it‚Äôs 5/8 so can‚Äôt use it.",2,S,empty_review_raw
107828,203823,AEDP5TM5IV5MCAW4WD5BUZSIJMYQ, ,"Said it was one inch but it‚Äôs not, it‚Äôs 5/8 so can‚Äôt use it.",2,S,empty_review_raw
108167,204163,AEJEUEG7OEHFVMRKUNO56NFQEBNA,,,5,S,empty_review_raw
108302,204299,AE6R6OR6VBIUDY3NJDXA2P5ABMUA, ,I purchase 2 bottles 1 was empty & the liquid was all over everything,3,S,empty_review_raw
108454,204451,AE626UM47EUJZWWR6YZAB6K6PPYQ, ,Honestly so good for the price,5,S,empty_review_raw
108538,204535,AE4M52N5DA4ROPGOBIU4PPISSTPA, ,Damaged and Not Returnable,1,S,empty_review_raw
108840,204839,AEKB3FXF272SICSDAC573XH44FIA, ,"The headband arrived in pieces. Very cheap, very fragile. You get what you pay for :(",1,S,empty_review_raw
108860,204856,AEGW67HCRXCTZJLVDHO67Y46FCYA, ,Bad packaging,3,S,empty_review_raw
109528,205523,AEGYRO4PK5GFEV4FTAB5L6XLAPAA, ,Nice,5,S,empty_review_raw
109529,205524,AEGYRO4PK5GFEV4FTAB5L6XLAPAA, ,Nice,5,S,empty_review_raw
109530,205525,AEGYRO4PK5GFEV4FTAB5L6XLAPAA, ,Nice,5,S,empty_review_raw
109818,205812,AEIQNZ7SF7FXR7FSKRBZQZX6J3ZQ,,Five Stars,5,S,empty_review_raw
109975,205969,AEFHTCSV5G65MMIXDUAUP5LOWHJQ,,,4,S,empty_review_raw
110384,206385,AEE3MZHTEZ73KLM4ETITQKYFAXIQ, ,They are gteAt quality just not as thick as the tape in extensions,3,S,empty_review_raw
110518,206517,AEEGX4OCWGZQEIPENPW7J36RFZNA, ,Product arrived as advertised,5,S,empty_review_raw
110688,206689,AE64Q3H4TQFIWV2YWEHRK2SI2C7Q, ,I love their bendable hand,5,S,empty_review_raw
110733,206732,AEB2GTXLZGMWBE53QWOFLLA7YQWA, ,I love these tips for my clients that prefer shorter nails,5,S,empty_review_raw
110803,206801,AE6AT4YGOSNV3RRFSM3VPTWF6CJQ, ,"Excelente mezcla, olor dulce y agradable, no es estridente.",5,S,empty_review_raw
2202,98185,AEKAN4M4SOW65B27M644P2RVSGZQ,,üëçüèª,5,S,empty_after_cleaning
2203,98186,AEKAN4M4SOW65B27M644P2RVSGZQ,,üëçüèª,5,S,empty_after_cleaning
2204,98187,AEKAN4M4SOW65B27M644P2RVSGZQ,,üëçüèª,5,S,empty_after_cleaning
2521,98592,AENCH6H4BWOBRKP4SXR4EENZ3ADQ,,Five Stars,5,S,empty_after_cleaning
4014,99982,AEBJB6FKP66T5Y3LR4NZ6YCMBADQ,,üò°,2,S,empty_after_cleaning
4139,155927,AEE37ENYYVCMOVR7JWW64Z6YUMQA,,The best deal,5,S,empty_after_cleaning
5487,101433,AELLZSD24YX3TQMXDXPMBBGAZCJA,,:),5,S,empty_after_cleaning
5488,101434,AELLZSD24YX3TQMXDXPMBBGAZCJA,,Four Stars,4,S,empty_after_cleaning
5732,101685,AEGPMIVT6XULYA2HJJI2KQ5TGYCQ,,üëéüèæ,1,S,empty_after_cleaning
5757,176409,AEN33LAGB3THT3A7YEBYJU4Z6QIQ,,üëç,5,S,empty_after_cleaning
6461,102411,AEKMWV75QPJBAVKWJQZVLSDZC5JQ,,Smells heavenly,5,S,empty_after_cleaning
6631,102583,AE7SMRMX4SM7CXAJ7GSVPFSARIWQ,,üëçüëçüëçüëçüëçüëç,5,S,empty_after_cleaning
8562,104497,AE22BL3VZBOMDLZOXHE3TOPBQKWQ,,üëç,5,S,empty_after_cleaning
11080,107013,AED2PVUKTHHFYK5PM2WXNEVJ3WWA,,Five Stars,5,S,empty_after_cleaning
12238,108175,AE6MXLI53BTQRUJB4WM3W4ZA2PAQ,,üôåüèªüëçüèª,5,S,empty_after_cleaning
13919,109858,AEDERIPBC37HNJRNV6FA3B7SQMOQ,,üíó,5,S,empty_after_cleaning
14616,110558,AE2C75MRANOTIBMVBXHI7XE7PYSQ,,Five Stars,5,S,empty_after_cleaning
14627,110569,AEBRPEJII5FKPKVV4P7TOVCYEL5Q,,üíó,5,S,empty_after_cleaning
15499,111438,AECKHR24F2BEM7NYWGQYUUX5R6OQ,,Five Stars,5,S,empty_after_cleaning
15709,111649,AECVWFGLWCQMIHUCOVNCICMELGQQ,,üëéüëéüëé,1,S,empty_after_cleaning
17239,113186,AEJEUNKO3UQF4VIENORI5E7QDDCQ,,üëçüèª,4,S,empty_after_cleaning
17240,113187,AEJEUNKO3UQF4VIENORI5E7QDDCQ,,üòü,1,S,empty_after_cleaning
17840,113788,AE42ZVBAPOAJTPQFKDCSSQLUTRMA,,üëçüèº,5,S,empty_after_cleaning
18026,113970,AE2XDUVR6HKRLIPH6CCIJB3OWE5Q,,üòç,5,S,empty_after_cleaning
18027,113971,AE2XDUVR6HKRLIPH6CCIJB3OWE5Q,,üòç,5,S,empty_after_cleaning
18562,114507,AE6DGEJY2QIELHWLQED4VK7Y2VUA,,üëç,5,S,empty_after_cleaning
18563,114508,AE62SY4NWETUYD2XF7ZHJZG326CA,,üëå,5,S,empty_after_cleaning
18887,114834,AEE4AJU4QLXYTPHQO54JR6DJ4KPQ,,Good,5,S,empty_after_cleaning
19205,115151,AE4Q5Z3BBO53IGOACBHL5GEWAEPQ,,Five Stars,5,S,empty_after_cleaning
19429,115377,AEEFJNBYZQRQLOC4HGID7D6NK2HA,,Five Stars,5,S,empty_after_cleaning
21363,117303,AE2GRSE4YJVE6HLEPY75Z7C3XQ2Q,,üëç,5,S,empty_after_cleaning
23851,119780,AENHAJBUNSCNS3DWQFAN6LHUJ4HA,,üëç,5,S,empty_after_cleaning
25233,121165,AENLZOH6Y35B2MV5Y6D6DQT7EIWA,,It works,5,S,empty_after_cleaning
26387,122313,AE4FT32X5QGH4K5PMOQK7VEYJWHQ,,üòé,5,S,empty_after_cleaning
27779,123707,AEEW5KML7LGCFPET6NBJ3V4PWINA,,üëç,3,S,empty_after_cleaning
28376,124311,AEN2Q5AHKU2BFDC4VVHHGWXT6LIA,,Good clips,5,S,empty_after_cleaning
28507,124440,AE47RNJPA5SQCWOSFC4C5WQTOQXA,,‚≠ê‚≠ê‚≠êüëç‚≠ê,5,S,empty_after_cleaning
29095,125031,AE5ITVEZZS2FAKKFGKUNIFY3TDNQ,,üëç,5,S,empty_after_cleaning
29507,125437,AEDX55ILD4MWBYHWJNA75OSWBHAA,,One Star,1,S,empty_after_cleaning
29523,125455,AEDH2NRSCREA3OVKQU7T6V4PURGQ,,üëç,5,S,empty_after_cleaning
29789,125725,AECKHCWJ6AZRXZHCNWVQ7J5KJ7JQ,,Five Stars,5,S,empty_after_cleaning
31010,126953,AENFSOQX6IZ7OAV2DBAA7MXBED4Q,,Great,5,S,empty_after_cleaning
31490,127429,AE55FD3ZJNSFOJ2TFY3I3ZAG6ZWQ,,üòÉ,5,S,empty_after_cleaning
31798,127735,AE6NCSCIESTWW5C4JCXRSDSKENTQ,,üëç,5,S,empty_after_cleaning
31799,127736,AE6NCSCIESTWW5C4JCXRSDSKENTQ,,üëç,5,S,empty_after_cleaning
31800,127737,AE6NCSCIESTWW5C4JCXRSDSKENTQ,,üÜó,4,S,empty_after_cleaning
33202,129143,AEEXSITVN5QPOQ2QU2KLEGQI2XWQ,,üëéüèæüëéüèæüëéüèæ,1,S,empty_after_cleaning
33593,129537,AEDPKGBSDV4XK3645H7MAN2GEDLA,,‚ù§,5,S,empty_after_cleaning
34514,130445,AEHHXX7ECYJZONYNVJ66YESTMOWQ,,Four Stars,4,S,empty_after_cleaning
34865,130804,AEJSPCE2MAMXOBFLXM4UEJYYER2A,,Good,5,S,empty_after_cleaning
35472,131417,AED7BYPUXSTO4NWBRNEA6AIR3KUQ,,;),5,S,empty_after_cleaning
36074,132023,AE4NPPL7LTZVXAWBEBJHLFMIWGXQ,,üëçüëçüëçüëçüëç,5,S,empty_after_cleaning
36099,132048,AEAWI7EPBSHNIIG2UB27H5JPRBPQ,,Five Stars,5,S,empty_after_cleaning
38210,134159,AENC3RQFWHWGW7NIODQCTMP3IHIQ,,.,5,S,empty_after_cleaning
38211,134160,AEEFOLM4YOHGGJDDNS55MKUHKGXA,,üëç,5,S,empty_after_cleaning
38828,134773,AEA5LV7UKAVYD5PJLGKN27FEMQCQ,,üëç,3,S,empty_after_cleaning
39505,135486,AE4ZIOTVX3BQDHJMMQM6JGKWBLDA,,:),4,S,empty_after_cleaning
39526,135470,AEEUQLBLJWFUKAO76CIMKRE5K4KQ,,üëç,5,S,empty_after_cleaning
41004,136956,AEDZ6UID2KS56BMHIIXXBMLTBULQ,,üëèüèªüëèüèªüëèüèª,5,S,empty_after_cleaning
43300,139252,AE2HKE6QDVR4FS3QGABICWEY4TTA,,Rating,4,S,empty_after_cleaning
43435,139391,AE7DN37LUVRP6GU2SAUTXE7QYWTA,,üëç,4,S,empty_after_cleaning
43700,139652,AEMCGPCHVWUTOS5ST6UWXPPEPYYQ,,üëçüèø,5,S,empty_after_cleaning
44669,140623,AE7C6LO5QSRG2DBA5FDN43IWNN3A,,Not to bad,5,S,empty_after_cleaning
45614,141565,AE4YPO4ATLC2PSS5BAKJ2JHGVODA,,Exelente,5,S,empty_after_cleaning
46202,142156,AEKSOTMC4MBHOB2UVWBMOGYB6PDA,,üëç,5,S,empty_after_cleaning
46329,142282,AE4NMIWEFGHXAAFF6X5C4ELDHDGA,,Five Stars,5,S,empty_after_cleaning
46362,142316,AEM2SZGMHXFLZH6IJ3XMRGKWJ5PQ,,‚ù§Ô∏è,5,S,empty_after_cleaning
73923,169880,AE4NCIUW56LEKEY2Z3PPG73R5BFA,,üëçüèª,5,S,empty_after_cleaning
50969,146924,AEGOZGGEZ5XQDX4HNIVC5D42AFEQ,,Good,5,S,empty_after_cleaning
51163,147121,AE3ISVNPOLAF2Q32JXJ3RHAPETLQ,,üëç,5,S,empty_after_cleaning
52976,148935,AECOAQ5VV5GXTALGJELOUTVCZOOQ,,Really good,5,S,empty_after_cleaning
53464,149420,AEDYCLBRWYESGFKMJCMI5C6WOZGQ,,Greatness,5,S,empty_after_cleaning
53781,149852,AE342I6PKH3XICWXF7WR2C46TLMA,,üòÅ,5,S,empty_after_cleaning
53812,149763,AEJEHQJA5FLOIGNY4VU2JDSWUADQ,,üëç,3,S,empty_after_cleaning
55383,151334,AE6UG7WHPGF4YTREBHNPZC5YSDNA,,üëç,5,S,empty_after_cleaning
56588,152536,AEAN6EIPXXPDKSN6RTBVHHMRBM6Q,,üòç,5,S,empty_after_cleaning
57555,153503,AEK4B24PANVD4XRI6J7PGCTE5T3A,,Five Stars,5,S,empty_after_cleaning
58441,154395,AEC62RM4ZUEN4LAD4YAEDTJG24HQ,,üòçüòçüòç,5,S,empty_after_cleaning
59084,155034,AEI4W3FWNLVH737BLCPBSPCFOUZQ,,Five Stars,5,S,empty_after_cleaning
59085,155035,AEI4W3FWNLVH737BLCPBSPCFOUZQ,,Five Stars,5,S,empty_after_cleaning
60507,156465,AEM5SEHJNEJLX2BYVQBL5TEJFDDA,,üëç,5,S,empty_after_cleaning
60557,156515,AEDBI6PG4VMU3TZ7HHT5JZD5FV4A,,Five Stars,5,S,empty_after_cleaning
60653,156612,AENVUQQLJ473XC2Y65FA6N5JZZVA,,‚òÜ,5,S,empty_after_cleaning
60697,156657,AENVJSIFFIIVRPN2Z7ZF6NOTMJWQ,,Two Stars,2,S,empty_after_cleaning
60994,157182,AEJGOZVWV7R2F4P2HDXJ7ZQGARRA,,Four Stars,4,S,empty_after_cleaning
62375,158323,AE3QSPUOVYUZY7XDN57QZI2UXLZQ,,El tiempo de espera,5,S,empty_after_cleaning
62877,158824,AEKFAEWUJRCGMBGAJ63LMQ7AYG6A,,Cool,5,S,empty_after_cleaning
63615,159574,AE6ARTFCTLG7EUYMJ63JNU7ANFWA,,Five Stars,5,S,empty_after_cleaning
63658,159620,AEMLZVPSWKVJKAVBNEJ7BA7CCGLQ,,üòç,5,S,empty_after_cleaning
63659,159621,AEMLZVPSWKVJKAVBNEJ7BA7CCGLQ,,üòç,5,S,empty_after_cleaning
63919,159880,AEBGXMSDBTFVBXVKRKKN3RD6D7LA,,Me gustaron,4,S,empty_after_cleaning
64286,160351,AEINLCHSGI2D4HBPRCMEUSDBLTMQ,,Five Stars,5,S,empty_after_cleaning
64319,160275,AENWA4FPNRQGTX7QNRLKBJ3SVDPQ,,Love it,5,S,empty_after_cleaning
65203,161163,AECMRI4WJ7WOVF4RY3MNCWVBHIUQ,,Three Stars,3,S,empty_after_cleaning
66584,162542,AEBE7CICF3HO7QOB7LURSUG2SP5Q,,Excelente,5,S,empty_after_cleaning
67762,163719,AEGORFG4TTIJALYABM3N367MUSVA,,Five Stars,5,S,empty_after_cleaning
69013,164963,AEGEA37P6VEVD7B3P3PGJLQRHGEQ,,üëçüèº,5,S,empty_after_cleaning
69738,165669,AEAXYUWRYSJLG7KQB66AP42PEGWQ,,üëç,5,S,empty_after_cleaning
70226,166162,AE24JJ2DGZPRNKIOXQ4FT6FQ6AZA,,As advertised.,5,S,empty_after_cleaning
71850,167802,AED5RJ3I3E6MHYHZPBD22RIQNKUA,,Very shiney great,5,S,empty_after_cleaning
72686,168641,AEKBW7A46M7XZQHFT4YL6QNO3YPQ,,Five Stars,5,S,empty_after_cleaning
74539,170505,AEHYB76L3MUGYJIJGGUA2LL75D7Q,,Bueno,5,S,empty_after_cleaning
75307,171276,AECP6SB5T7ZUA7PED4KBBBI4D2VA,,Four Stars,4,S,empty_after_cleaning
75646,171612,AEKXD4BHKHU26XDMPWHCMZDDQBHA,,üòäüòäüëçüèΩ,5,S,empty_after_cleaning
76034,171997,AE5CQLTBTTJUYEOMLIRDD4UP3YKQ,,üëç,4,S,empty_after_cleaning
76172,172133,AEBXDAGTWCZA5P3WCIGNL6V3PRWA,,Love it,5,S,empty_after_cleaning
78706,174676,AEK7WLWRTZ6XLVR7RLQXAJJSF6TA,,Dont stay on,1,S,empty_after_cleaning
79355,175320,AEO6EXNFQIOCT7RVZ5ROGFP773UA,,üòä,5,S,empty_after_cleaning
79472,175440,AE4ALGRL56WGXENUB7CD47H3G7BQ,,Five Stars,5,S,empty_after_cleaning
81154,177121,AEHF2QF6D5JA6OW7EA3G6UYXOW5Q,,üëå,4,S,empty_after_cleaning
81465,177431,AEKQ2FQIMI7AIT2WFH57LRGHASVQ,,Five Stars,5,S,empty_after_cleaning
81694,177654,AE55PSAQ7E7WCWUI5A525JXGS3MQ,,*****,5,S,empty_after_cleaning
82568,178531,AEFXXCOEXQSYS6TDNFTFPNWL4EPQ,,Five Stars,5,S,empty_after_cleaning
82976,178949,AE2TYNSNERU37FG4HBHCHVTITRUQ,,Five Stars,5,S,empty_after_cleaning
83014,178986,AEBIHIFKQJLEYPSMJTVSCZVFZUVA,,üíñ,5,S,empty_after_cleaning
83807,179775,AEIWQFL3PBBQAUBR3GEWA26EK67A,,Five Stars,5,S,empty_after_cleaning
84163,180134,AEK5T2BYCCZO6TZV6EU7PHKQBFGA,,MakeUp,5,S,empty_after_cleaning
85034,181009,AEIRLHV7YI5A3PMUDSR3L2SPEYPA,,üëç,5,S,empty_after_cleaning
85132,181104,AEHSJHJHDHFYREONA66NQV22RMWA,,üëçüèª,5,S,empty_after_cleaning
87031,183010,AEDI4S7MFHXJLATLFWU2M6QS6IBA,,üëçüëçüëç,5,S,empty_after_cleaning
87271,183249,AED6FCE5SOX6ZVN5E26CBKELYE4A,,Excelente,5,S,empty_after_cleaning
88563,184543,AEME56MQFOAK33JUODFWPXMOWYHQ,,:),5,S,empty_after_cleaning
89473,185452,AEO4YZ65NUUOXZGFPSRQSKGFOYFQ,,üëç,5,S,empty_after_cleaning
90508,186489,AE356VWSPOXDY7YPIVXN36KZI6ZQ,,Great product,5,S,empty_after_cleaning
90524,186504,AEF6WRYAA4A6QQBRZDD5KTFDWUUA,,üëçüëçüëç,5,S,empty_after_cleaning
92908,188890,AEIDTAC5KTBG3OWVERIA52VNUNGA,,:),5,S,empty_after_cleaning
95164,191150,AE5A3F5TG7TXFQEMMQMHB7STR3RQ,,üëç,5,S,empty_after_cleaning
97289,193268,AEEXHJT4EBQVSNOU7PMRNCBPOI6A,,Its alraight,3,S,empty_after_cleaning
97821,193802,AED4HWLTFT2UCONAMPCLXEUWHFJQ,,üëçüèΩ,5,S,empty_after_cleaning
98605,194587,AEAF63THFZV4QWYSAD6YV3RSRMAQ,,üëéüèΩ,2,S,empty_after_cleaning
98672,194656,AE6S24C33PPBTEH45UMCE2E5MO4A,,üëçüèΩüëçüèΩüëçüèΩ,5,S,empty_after_cleaning
98685,194668,AECEE6NHPDTYF65ZH6PDQKAR2AHA,,üëç,3,S,empty_after_cleaning
103266,199250,AECAW65H4F7VK7SEPJCRW2T6W6TQ,,Five Stars,5,S,empty_after_cleaning
103913,199899,AE4PT2Y5Q5DYEGPSGSIRNYECMFVA,,Four Stars,4,S,empty_after_cleaning
103941,199927,AEF7RKDIOCYEAGU7HGWRCAA7BMZA,,Easy assembly,5,S,empty_after_cleaning
104091,200079,AEHQ475BK4AFZEKIFM2KX4LDPE2Q,,Bueno,5,S,empty_after_cleaning
104112,200100,AE6UHHSHLVT2YCJIJXE4CDS32UDQ,,üòî,1,S,empty_after_cleaning
104274,200262,AEI5MEL7BW3KZK2D2YUM2BPALSZA,,"Simple, solid design, good looks, great price.",5,S,empty_after_cleaning
104346,200334,AE32M7CXNN2DJBGPMY4VVJFZBWLQ,,Loved it,5,S,empty_after_cleaning
104614,200601,AE2SBBIK5N5TZ645PPLZOXOIBZPQ,,üî•üî•,5,S,empty_after_cleaning
105198,201185,AE34EQGA4OWU3Y6VFURCO6AKGXAQ,,üëå,5,S,empty_after_cleaning
105419,201405,AEJ4KQ4V2CCPKBZQNYWMYTCW3UAA,,"Muy bueno, utilice el color caf√©",5,S,empty_after_cleaning
105673,201660,AEAOLPSODJY5CT7AZJKPDUTZWL3A,,Love this stuff,5,S,empty_after_cleaning
106885,202882,AE6HWIRCAVSRODMRWGXRCO4ZF4SQ,,*****,5,S,empty_after_cleaning
107344,203338,AEN3LFPQ632MD7V4U6GOQOFGI4RA,,ü•∞‚ù§Ô∏è‚ù§Ô∏è‚ù§Ô∏è‚ù§Ô∏è‚ù§Ô∏è‚ù§Ô∏èüíØ,5,S,empty_after_cleaning
107925,203920,AEKER6SXIE56Z2VONEZIPR66JDSA,,Love it,5,S,empty_after_cleaning
108067,204059,AE4H2O6ZQGTHVOTBTCD4EJSHFS7A,,Five Stars,5,S,empty_after_cleaning
108680,204679,AEN5ZKHJYOQ6G6VHRSWX7HREX32Q,,üëçüèº,5,S,empty_after_cleaning
109305,205302,AE2AI55CAF2PHN5WXVODRGKJNQ6A,,Wonderful,5,S,empty_after_cleaning
